Age,Income,Transaction_amount,Is_high_risk,Number_of_accounts,Suspicion_score
56,70585.6669482087,291.23617421835223,0,3,635.5364638647682
69,39833.20860509924,315.2717899219829,1,1,-8.370814623141683
46,67302.97808011803,358.8199934971857,0,4,97.58711335763263
32,44374.840574452784,350.86682495871355,0,2,470.7012472756268
60,39587.81069738759,56.828642873785185,0,4,99.89760878313938
25,51647.90109564873,290.2691811227973,0,2,112.1984634885982
78,55136.85377011271,149.05780865932374,0,1,392.1522597608446
38,78672.94409764142,272.4272747532674,0,2,-29.450507785740655
56,54793.06368303072,287.621041218908,0,4,392.63911733863335
75,52899.170927740786,397.6148358084709,0,4,244.68311130063742
36,73942.1441585245,296.98845328999005,0,1,330.54355981244345
40,59015.80916317305,325.921801834326,1,4,359.8299895602039
28,40335.87229748078,379.3056380657429,0,2,63.00579110500831
28,70339.55577962288,422.77522598193,1,1,483.19339018742005
41,38905.71845855971,287.69860766430895,1,2,96.55375538793648
70,40261.29082499436,309.4179441680409,1,4,313.2341798665411
53,37272.1895091813,301.0023302242254,0,1,412.1895091466124
57,35956.32457583066,245.7401035568924,0,2,442.26699947664446
41,54997.59942259737,223.08847765576104,1,4,198.87877942263236
20,46131.46753184685,72.81140835740646,0,4,282.1711307476364
39,-2172.538204548342,192.33390654756704,0,3,22.990556204936098
70,45976.05407075731,122.13691667901963,0,4,694.9250452631713
19,42231.316162915486,425.51984844532524,0,2,353.0398183451272
41,63392.38046448283,318.84160082974284,0,1,235.48060817932708
61,41551.12082809456,287.40610270531664,0,3,254.3552866182693
47,88088.86686816339,228.25148139189184,1,4,400.42396496472946
55,70951.90368155364,302.9779263234624,0,4,349.55030815214997
19,44151.34413485333,215.2020122344666,1,4,181.8232459638419
77,67244.34618249623,317.40185566206037,0,2,157.36341808416353
38,57878.175690364216,324.5733982921353,0,3,197.84301886464334
50,53501.986947203644,213.86162976432564,0,2,-29.548204138601648
29,62039.78383411144,211.9538035177594,0,3,368.92982941489083
75,50811.063113907294,396.21993545951176,1,1,70.90311124397121
39,53605.267341162165,294.71400457087,0,2,-5.3080806575320025
78,62350.287744184476,221.89795707351095,0,2,214.01947788289027
61,80786.79112618235,262.9493698310481,0,1,221.84399329749215
42,53767.92458329511,198.94059132933927,0,3,257.35680345732186
66,43193.05002541766,293.2816419338083,0,4,92.07319036493423
44,19561.53717359017,383.16283076644686,0,1,58.93084577763031
76,79419.55207945456,297.23293324057386,0,4,416.98629850066465
59,46051.3743114206,536.3633443675385,1,4,391.9825231586338
45,58022.139351219004,342.13595680490016,0,1,328.16288361826366
77,78588.60855390491,322.99544478422126,0,3,276.2702840565284
33,53414.034813957376,209.16978690341944,0,4,251.52957298471168
32,47079.9460718378,276.1466553157333,0,1,227.86233521734965
79,71295.09466315617,222.09861569663076,0,2,103.59170293418009
79,56911.05601345879,83.43547715958763,0,2,486.97497977209656
64,58791.58407085101,397.42622221288076,0,2,493.64339686052995
79,27152.58694292359,248.8549444449769,1,1,328.0397865305383
68,68088.72810863878,223.95999256666937,0,2,143.40113819362494
61,55633.82101987468,321.0570033958465,0,4,341.20216596936405
72,29426.15930415314,351.2499552221517,0,2,359.6513016844758
69,57276.411674199124,267.92251670937213,0,2,-33.29430532489317
74,19062.11489132376,299.7398332390982,0,4,497.0005654462568
20,85129.62803769493,374.6187407314403,0,2,-70.15639208262508
54,33472.17800027359,263.9806405390052,1,4,354.26358399626275
68,74176.89148577653,330.2333741763334,1,2,572.0335816396803
24,37805.6667782202,134.07553816108498,1,4,186.40619456714273
38,58403.385664560796,175.86810015722514,0,2,174.30070138022944
26,36318.07615085752,360.5539778080404,0,4,332.22370861190376
56,64956.7283284673,170.64413608327015,0,1,577.354248652036
35,46470.21887139122,323.4137547113296,1,4,189.06828562564215
21,57016.69319311564,285.3001217802927,0,2,56.37236019107161
42,50225.96572368492,263.55327374797713,1,2,142.0521677005691
77,29515.028202745165,217.15372310322718,0,3,-149.75736974143103
31,57561.60289535801,390.93400181053755,0,4,423.7681857148009
67,42451.43771501378,472.98911545198354,0,1,89.38517643245402
75,65679.69189511416,330.01921626001945,0,4,212.69347460311917
26,46462.102877739846,332.2490715672817,0,4,398.0733391960091
43,48848.54136457502,231.7669370142506,0,1,105.49171154860532
70,75243.89696559405,180.390276817562,0,4,410.3449006906237
19,85724.55191761925,296.02610951938254,0,1,53.43401402391939
37,61790.50933568124,202.6250352041924,0,1,395.5874078565813
45,45692.89853864922,122.73898716841782,0,4,262.0407000472343
64,44380.08007465784,380.3445812365582,0,4,199.07881210903784
77,37719.8452202213,385.2166788251833,0,2,210.14005591172008
24,40621.42724669665,214.11612270469055,0,2,-84.69779216668496
61,45895.85384744047,324.3964321279244,0,3,225.83149969706736
78,79463.7945049235,400.19522677917666,0,3,250.6131546164439
25,47041.674937197145,320.5026687061879,0,4,-35.752905342499616
64,31609.204937028462,180.68453539012665,0,1,7.071778031760829
52,50624.97900688074,276.7106586762901,0,3,183.0719722908869
31,52671.926386415966,432.6809420041991,1,4,147.1535099836836
34,50534.53189775684,324.7026643605113,0,3,-268.8834507785186
53,61995.36833877811,353.91321031828056,0,1,434.65956563115753
67,51035.0826703855,334.1629219369114,0,4,197.06848251652903
57,61530.912382209935,214.44886420217466,1,1,-220.28333066267166
21,38294.84968913427,237.91547807173572,0,4,617.3738351213211
19,76710.94157217834,333.88651570517425,0,3,515.0890009775119
79,53787.19682515378,381.6871780020408,1,2,175.9467012368446
23,56003.284556105566,409.99049509178826,0,3,64.50612034804976
71,38232.321592800465,214.18944552318067,1,3,288.5218298900234
59,57077.40486899594,343.31205346771935,0,2,258.9513780615921
21,59765.97585005456,418.7044111718976,1,2,369.82037777737355
71,32453.47349262365,201.29182297119775,0,4,7.112074631357416
46,25113.62617418515,448.6747135799774,0,4,404.6491279006947
35,54404.990354141984,463.894082734419,0,1,120.50696434661599
43,42668.45264816701,562.5086339621661,0,1,337.740918423664
61,53898.82203703594,323.09334408299947,0,3,60.719126390967006
51,30634.458936528274,323.64246762624487,1,2,723.2619617863784
27,26592.41128425994,382.69943891173176,1,1,320.5594362527447
79,53100.34194501615,379.7802673049417,0,3,801.0251659352557
53,44753.243585647215,412.63668609956056,1,2,396.29055104645977
31,18339.507182747322,378.4033180465104,0,4,52.226474796408894
48,70146.48227161594,289.39380909619615,0,3,415.1085041706907
65,30385.14397724364,422.19971209735024,0,4,373.1058228028656
32,88599.87428165649,192.87458503072742,0,1,331.15203596593824
25,40639.74906667132,300.58523367253764,0,1,297.4165159070077
31,56023.40852188998,456.37356160497995,0,2,380.02959908581306
40,74704.23515580778,174.97535018796805,1,3,78.16980317726407
77,72191.50891743237,232.2524343002837,0,4,44.63658031890267
74,79792.04609340325,367.17472910772915,1,2,137.45816537469273
79,27153.856416794704,339.39119732361524,0,1,173.755311440053
57,32962.01753739129,212.49745923437553,0,1,102.53954670353609
38,53389.95911141045,258.38059972698596,0,3,17.503865010929758
33,62596.21156846571,181.9217937349661,1,4,418.44744461435744
62,49831.58834930543,398.0484999520572,0,3,276.07699072111257
35,25430.089464299166,274.4118642329468,0,4,202.08716362606384
64,57448.67238447199,479.2155910760632,0,4,201.2210428417632
70,47086.22917648948,308.11002440400216,0,3,129.33784032026458
41,46906.415615662,278.0259696597123,0,2,23.349195835499927
43,15830.743732841642,268.31782387082023,0,3,325.24132836023284
42,61962.26306717472,275.5800164807572,0,3,90.78395145178786
77,52178.060904281876,311.0821095133803,0,1,237.34242609846513
77,76927.46834958445,551.2407576578319,0,1,601.3810917193587
77,48882.38530203241,266.11403299006406,0,3,137.92462496520113
62,58495.10195778534,269.364653922869,0,3,416.0670974516965
58,62477.272641578944,306.55938456831785,0,1,329.3522869471243
46,23807.57662008213,409.02745063442603,1,4,270.81141095581756
32,89250.4991990239,157.9015438927221,0,3,360.36084116827055
62,43538.11418116075,345.5092736909645,0,2,172.6458418772319
18,57418.49903213727,218.2574823978838,0,2,213.61794006275102
42,59608.73010423727,355.3272688950949,0,2,115.12739745283913
24,37778.23808014554,250.6240057639544,0,3,188.91030096350428
26,77704.70497171405,69.58976602427134,0,4,135.3231873891558
41,53989.32904031649,336.95776026874853,0,4,432.8054527228272
18,46797.91044638999,336.11447703468684,1,1,-122.69221713944015
61,52077.61943582664,242.091969152057,0,3,304.57509401195546
25,61463.78297913535,236.16561398569976,0,4,303.8614676412966
41,50161.9724721455,168.86272749123475,0,3,246.41341052862117
28,63228.948655748594,377.30999415388715,0,1,429.08868649998317
68,24726.91791548391,388.2215782466808,0,1,91.05127564704642
34,38780.45015260264,212.09491148241102,0,1,209.85716036785635
25,17917.99527786027,246.00655404611493,0,2,-212.87173167695852
52,79955.12235264419,293.67108788610363,0,3,186.21397706685417
52,79759.88191527402,527.0865281035547,0,1,443.3757028759483
50,59399.24101299477,354.5121747588932,0,3,-33.58264760541749
76,34810.72893630453,205.6584484991621,0,2,192.13597613267424
22,85848.17408327485,330.3780309490505,0,2,139.2307368846953
59,40933.78282802432,162.33084593619182,1,1,165.90325589532083
56,46801.89309642254,371.7990309916171,0,1,67.24819153968734
75,52393.00108596084,467.55473935444854,0,4,-7.897644751319575
58,56772.73913028454,467.9791685083958,1,3,347.5440581033688
45,59657.03902556478,373.48935034743386,0,1,206.74366068092374
24,60259.424562116765,241.65876441318704,0,4,357.2105495029921
26,47832.13871969143,169.90982434858742,0,3,351.5428414740138
25,60021.51427635069,159.9794956630891,0,1,441.09272553681325
29,47161.88510756484,19.378289050145668,0,4,212.9589482086772
51,58689.55155308331,369.38557630079214,0,4,498.0418656568875
50,57459.37666746163,289.71644797756005,0,3,28.7354966544884
65,61442.709361971814,390.9216166453127,0,4,433.76954623410114
72,59569.50048531448,442.8031485234788,1,3,365.29739908854754
40,43363.51437633054,309.99055439024096,0,3,244.3446146946426
79,56880.65257338519,314.59616097131504,0,3,314.16736807652535
41,59800.996068723296,253.56796555025335,1,2,52.81101302537954
54,30633.134165769414,265.3915582827592,0,4,-61.5439378251898
52,45889.33464153456,372.8469912472934,1,3,581.0290056231981
61,59121.708368275,282.56249696346896,0,1,172.75523079344285
57,75639.38742094433,268.0992333247176,0,2,211.4900138130203
39,62373.50279193101,298.16831405571486,0,2,4.10194214117513
44,76585.66980466394,388.63301960615894,0,4,-14.321019529423609
52,44024.39914734577,230.73384421698972,0,3,173.4584069539341
18,53752.85738371465,293.34714824479676,1,4,188.52284529016345
52,62086.02949289177,324.52778377784296,0,2,226.97170871205805
54,15104.724297503344,416.0221903585239,0,3,169.24245570729406
64,72662.0482717179,276.0703223200581,1,1,760.8233450275803
31,22086.3517871803,228.2176613948278,0,3,79.27847356605243
20,64954.101024176045,251.56390557276444,0,2,541.0526141943178
18,60302.47685813969,405.3057433015379,1,1,579.5403710554222
22,14906.104962276702,503.3305298603465,0,3,310.87011996498495
43,15664.081146005039,168.62421863139673,0,1,61.16531764532741
72,71487.22876178758,190.4698384930143,1,1,-20.273025853669253
31,68220.83089529822,283.1203213297855,0,2,330.3424693903563
56,36787.04533267609,311.0956096068043,0,1,368.4460675662215
44,36771.816574339035,378.6969565554995,0,4,550.9508216608249
26,57689.07458564331,210.88669913985137,0,2,16.47522823591538
32,49808.83774267448,193.6890963350536,1,4,190.28130728180085
32,65815.92823773672,313.808715313363,0,1,34.23980992224037
43,57193.7138664963,274.15992797928317,0,4,105.1078220435364
59,73745.46190934803,392.6720997771525,0,3,399.6356406435367
77,64551.1666687059,348.7359803190384,0,1,88.11497749616848
30,60811.59573710866,355.5379347633219,0,3,72.32274948714763
68,44718.12919544489,289.5518653623133,1,4,397.790617671576
49,43620.18148757233,535.5580258568206,0,3,310.9439235695361
56,49223.61522942049,216.225201840624,0,1,250.0719902299383
66,77614.14604905812,361.0809833754775,0,3,140.7589187958508
69,43905.87905915324,173.03100129268927,0,4,453.71951389051577
78,53907.93480611024,192.65323222605477,0,4,219.97923229878415
49,16327.95638439036,239.26544012345448,0,4,622.62048453208
21,60137.13095066121,462.9323336618026,0,1,258.8007291615115
47,83857.9742163971,326.3894430454019,0,4,-176.3146756320977
54,35995.428361056125,240.9521931455625,0,1,-319.4890309187052
40,97616.63205690138,337.4436325954573,0,3,433.7676157424422
56,52733.6090698498,303.51478814245087,0,4,485.9175274201058
62,11406.031379234839,250.80266308608802,0,3,-28.873296917691434
32,44216.92640048133,160.33711442117723,1,2,624.6633187985107
60,69956.57844903624,443.854248451229,0,3,596.898369142016
46,79989.75809374706,320.9818128710042,1,2,334.1870501628241
53,60771.47822377525,517.3738373468238,0,3,361.1711286534592
30,73513.91631318451,394.03216205408796,0,1,425.33709230948114
49,32333.2168776147,355.13197247610424,1,3,588.1786104669429
24,39796.07619209138,256.4795671383033,0,1,301.6673024471294
76,24808.110769973144,190.46544361430833,1,1,196.2490963556069
68,40924.05386012145,278.22690155115527,0,4,334.1310373926882
39,61428.784796534994,187.5707405794169,0,1,309.0866999408568
45,53189.83643574529,365.0190380730754,0,2,397.7636141337969
19,63017.735549947734,463.265249769713,0,4,-51.64266253904054
59,35952.28973754895,273.908773388287,0,4,252.46614680341762
62,36867.124597822,394.4490972391197,0,3,285.26726043550326
79,53069.15314287369,231.07709297831434,0,1,174.67658217314442
74,40960.28292042027,269.7533161792649,0,1,325.7291863022788
70,69527.73752240142,218.50360154345572,0,2,615.1393593129567
23,40588.716734337846,86.68669649294895,0,3,197.48952933885866
45,42569.1613560313,296.3466650081389,1,3,363.1172053544145
45,56282.591208027305,312.84517375977526,0,4,555.1026518823428
61,44160.677124087604,406.58609987616376,1,4,281.2928654241627
61,31475.8340969388,379.54382526692876,1,4,43.21341024880866
37,33509.66262751867,380.89528990389954,0,2,298.26462406301215
47,58066.489376104335,202.5963776882123,0,2,-233.94061083858531
79,29619.327281569094,345.9497306070692,0,4,-275.83977996869083
28,70957.46641323216,458.2593965481592,0,3,334.34328190453186
75,39644.010735473756,337.9867850709081,0,2,-285.90737663833494
72,59243.237254520915,482.85936130649975,0,3,-16.261137845946337
45,40543.810639555486,501.8966111119863,0,3,135.2575696882451
42,36271.37930005453,273.15317297083544,0,1,15.574805948015268
56,53691.55523435273,230.30602549194282,0,4,190.8524123084762
79,65776.7520052385,223.853783458105,0,1,436.51291050998685
50,46289.48373709843,148.386417989678,0,4,245.11377154595084
18,49017.839693638096,248.1597100584478,0,4,44.98757003722912
74,62111.26041624202,420.76654497562464,0,3,517.1873898869017
44,62607.90875377334,79.596242474876,0,4,-62.59600555380388
79,49422.62419970388,196.25465992862536,0,3,242.8474161466902
74,43347.801612720665,287.28685583480024,0,3,-112.59290619341951
69,51239.83939167547,212.28147993782997,0,4,264.1714079232418
30,47136.327629174855,247.27140557597795,0,3,135.274315037428
58,54694.612277252774,248.76703255776965,0,3,430.71351011555606
20,32085.94359731371,274.24597799382514,0,3,315.7343792328559
56,54157.7236903812,227.05453038902613,0,2,83.59303402133244
23,39225.44875743877,218.8786786144452,0,3,24.550837213073805
25,63588.314172357546,393.4309745921231,0,2,173.50037919750554
44,39912.98225944227,404.96541778603455,0,2,565.436798304356
26,40173.35349213602,161.94566547525906,1,3,530.354969753414
79,56680.982366176104,24.04026007271159,0,3,2.112353665893238
54,50213.178332242955,406.3374849570931,0,2,371.1051727604649
50,84149.77439598256,177.11995814478627,0,2,-90.27474117300937
68,25560.460841686214,321.274483845974,0,3,73.7798778564968
59,51647.794204321166,143.43281269717826,0,3,12.125999105868459
61,66944.74227458556,429.7754985259672,0,4,480.7229259162561
41,41325.29115609049,554.3667895301528,0,2,-50.056242692486165
32,36341.6323289018,318.2806909205337,0,2,260.3813808343514
76,36937.030285305074,290.58973515404836,0,4,193.0750583992077
71,25820.582305248732,267.7860424809936,1,2,143.33000291269477
49,70245.56940966043,378.17993113129114,1,1,602.6257220813295
49,45055.739872903876,356.76867509345857,0,2,547.7277857220158
41,43279.59290299654,400.34984535528645,0,4,187.71560665092747
58,18138.528885047395,237.20834774019175,0,1,50.814632424115146
69,28494.371413071727,334.0117706404645,0,3,-130.98474387044348
66,71980.8463327864,245.7531933293804,0,4,257.68521455066883
79,54546.58499150868,194.2284351929946,0,4,609.176664651515
66,67497.51244887659,295.89845789965364,0,3,218.83780278213388
75,65599.88659744745,207.74872696229178,1,4,417.72650251988
69,34990.695791405895,417.3726997742588,0,2,-97.78080322361521
29,86447.71592980954,213.8079621984177,0,3,187.3212421327405
79,79245.98893401845,336.354594068736,0,4,374.6204984354406
56,41543.503368154474,239.65777012402776,0,3,208.22526335832228
19,-3523.0794903982314,327.7062750437512,0,3,270.657935405691
20,44652.01865083885,247.60034265446436,0,3,73.52969465539137
66,53574.44393182173,174.27887251424625,0,1,-165.42093464966496
54,41484.214478364636,348.37727409518453,1,4,462.2242024307018
66,46677.16854972924,276.4584378086778,0,1,-6.229676973855419
73,37570.12945493308,328.59849407224596,0,4,299.32091381748756
34,63824.52077530771,257.11570643695626,0,2,313.53198549199413
76,50954.49860552833,167.2063486231548,1,2,-114.12100693302625
66,64272.71094414431,408.31785970562566,0,2,449.2022913068563
19,68333.05019311905,373.67577554410883,0,4,150.72023903485515
19,17385.146538700297,243.3039024446756,1,3,180.1116077192605
45,38442.166837488454,306.9779213498798,0,3,115.94561301685359
71,40639.56059539184,404.20194831629374,1,1,536.2176164689948
40,88570.58539533174,254.29616641376032,0,1,531.268829068852
54,52235.08050350486,269.81154948094485,0,2,-161.0156007990402
49,62188.40894544596,324.36325000073737,0,1,668.5785672726033
50,21789.62346088233,254.09089364454138,0,4,23.326989783179528
18,52148.23178746282,385.70919969870226,0,4,653.3547189411635
36,64674.394731743865,283.1099219692562,0,1,166.41786723241643
79,62929.47627590234,221.59641250060258,0,1,139.83525258347794
19,59350.99158374527,360.86388298739945,0,1,165.322824850666
70,50195.007597426884,185.78693505686533,1,1,128.8107797046423
61,50923.52930938177,501.48785611242135,1,2,756.87515179465
43,24601.00737935316,458.2496363580202,0,2,149.75433853038152
49,36492.00672219285,351.3495476921015,1,1,137.65968170585793
23,53464.15934582245,342.9331021819902,0,4,246.62378040843274
49,39260.36289610692,338.24414178192984,0,2,-11.121899414534198
72,60332.57370549177,251.09052140810928,0,4,555.1983064098447
21,57001.73825397294,329.73096456808423,0,3,-67.23959417387192
72,70510.5538208299,207.68673895421517,0,4,128.98806012280028
28,64373.80739228857,350.38184184401814,0,1,411.11786093833734
73,53408.92113701852,386.7846943031295,0,3,233.9667378578364
76,61219.706510928736,262.1913899016665,0,2,328.50158851203344
34,65076.53243449484,240.48982058452805,0,2,530.8348702645285
55,42388.440711380266,178.75229753520904,1,3,413.4124208427774
41,45060.03502520297,445.7955233565691,0,4,252.1948914142919
22,48547.60943909884,248.43359661577887,1,2,639.8071085101353
69,42867.04183753476,280.12609639833767,1,1,78.07946355565662
51,65235.30417595226,330.01555849957253,1,3,253.4102360033512
23,40590.34187484044,328.22076428899345,1,1,197.91469387802692
39,68774.77207099737,374.656009568107,1,3,264.5307918954095
28,44495.40201679426,262.0670080161671,0,2,-28.64462655702684
65,57085.94964259037,186.1332061529087,0,4,-93.94474513162803
33,52496.22723144333,168.6334691027684,0,3,285.29611624900224
50,35360.302875625,242.07447671571535,0,3,48.2332963126901
26,49701.654057638145,204.8149525325376,0,1,561.4465611647861
77,55004.65297175896,269.6383294692242,0,2,192.46467424339244
76,49035.60969334253,430.7578810759983,1,1,180.84915599598685
23,29859.401622405738,262.2721794116311,1,2,404.81397846650543
33,75521.43865289257,262.23491386654433,1,1,347.70489618198394
46,51315.49224292604,298.36012237442117,0,3,177.3635111658844
20,38085.46137254717,259.4375008787934,0,1,33.96832328008503
37,74311.52035200912,293.2608764281806,0,4,999.4894891466513
77,59260.84714580488,354.08692224813467,0,2,296.28753896877095
76,31997.450053975863,388.4751054763314,0,2,389.7283261324641
53,34332.57880400182,400.32131997390235,0,3,-15.891814441305172
36,46664.07920168237,505.68522207310195,1,2,128.29960332593998
43,54459.60468274733,356.93594461724376,0,4,657.0819814852767
20,59341.99747195883,523.447890134931,0,1,510.4149718285377
36,64252.67719292852,222.3518191940357,0,3,322.26495705191724
37,58093.58609600214,509.1284902424585,0,4,180.78584285684542
49,70201.18967961494,261.96239457804097,0,2,189.7914644257188
24,51901.897395207045,271.7981069236965,1,2,95.76145843155791
69,38605.40929282667,288.01274525771265,0,4,-35.357772916303674
58,49949.7369551154,278.1379288841269,0,1,372.4821036508463
50,48965.29009481312,308.5840396726503,0,1,296.555228715303
57,11326.76855506262,241.99719975115607,0,3,274.06902035369546
56,41579.49711356512,382.9962173071372,0,2,124.07901836539112
35,54713.05599425676,244.71649653788205,0,4,275.0255566689344
57,43636.76652182321,365.5610398252892,0,1,97.42088403134845
18,40306.85957265501,452.77236195237646,0,3,60.429342786486416
28,63670.64293706846,264.28976301922603,0,2,557.1827494044946
45,36251.81262836841,379.43834179791776,0,2,204.7489188046772
74,60674.33975706234,355.91592889031847,1,3,368.4311400604646
42,30008.83293817573,525.288688221975,0,3,359.6973374700492
67,91411.42903589277,249.516943515505,0,1,294.5827296699408
40,46764.71709648114,379.5071616805784,0,4,269.60669916605104
48,45151.02066055916,137.3988908223447,0,2,-43.28310498738864
47,67145.98854334878,250.4141589263187,0,4,70.11038729201238
59,43719.42738790327,335.33928375969083,0,2,1.409832126086286
52,71823.91712488499,439.31599690897815,0,2,378.67111730477484
24,55573.9074572979,177.40666350157971,1,4,263.0666118291668
77,48224.03149180656,378.6090640741111,0,3,35.10265663790665
33,46624.91144944437,293.6776543517041,1,1,328.6373566611005
43,68113.88255645393,147.84723466076875,0,2,329.703780769806
65,53457.308219052546,318.158684594879,1,3,109.73728663772005
74,56484.63096786155,470.9161232978212,1,2,254.49536533965045
69,58115.02808905443,187.95773400883832,0,1,304.4541645910881
77,51994.042778340365,289.00622846298165,1,2,61.21763757909423
66,57798.08339524975,201.33610153604337,0,1,308.975129923294
19,48225.14865978514,253.14170680899844,1,1,271.96918883318244
18,49252.87052260136,443.2170143524633,0,2,12.987501380243799
65,33213.27607959937,272.84755245086177,0,2,207.67065440390533
79,54466.40376377596,440.1565737515327,0,1,286.0781822338861
29,24206.884899316694,410.90540479315865,1,3,74.30408505018946
22,54253.37105916369,263.7262086515552,0,4,115.42263301024107
54,45790.75975752778,249.74005393937676,0,1,-25.128461277244725
49,55618.77664176467,210.4001193185498,0,2,112.47777139060551
76,34267.57498877486,206.91188058065958,1,2,186.80993594818614
72,18209.639479420366,335.3207394507843,0,3,41.04692116505504
26,44737.02039539691,298.02146847850344,0,4,-87.7013920101333
58,34311.30996714353,237.63945650707933,0,1,14.66896065766963
52,23291.649751842764,145.12370778767212,0,1,37.637248920052315
36,61519.749045418546,310.6178767822212,0,4,407.46902769550957
65,74018.5734071306,253.04478209386667,1,1,382.294607979034
33,38045.72846338175,280.4702304417906,0,4,361.382695745943
20,48863.437591678194,330.46618286980816,0,2,52.969714070543574
37,45383.21574980282,49.81971386121367,0,4,214.05855870159564
41,40116.52367035695,146.67253962908754,0,1,-329.7089984966841
71,59956.05820832032,529.6443076805189,0,4,348.66062682089023
73,65152.121906429275,249.33894933003822,0,3,357.4176735260219
50,36970.89216101594,48.25668976024707,0,2,78.44241972587179
41,50671.503006423554,155.00598204837473,1,2,275.9295665620409
69,69267.99550900841,548.4467368641433,0,4,-19.604190369579328
28,60335.54304822459,229.700253973016,1,1,73.427713413786
66,62565.46157600733,415.90152448971565,1,3,429.8109232874413
25,70519.77961163622,312.1117998337205,0,2,344.50139491455934
53,70322.67758559875,251.5032962501029,1,2,183.4247825872543
55,65429.639454545984,377.5445470763093,0,1,390.886197097665
57,52174.06122171771,61.56433246437118,0,1,198.16417904985477
37,44262.75473812862,155.88673801433973,0,3,83.26999049325933
79,51552.16647969778,250.76489878604391,0,4,181.61536071734116
52,41983.89970964947,165.70956017303916,0,1,69.45521717429578
65,20712.696904839766,241.92222114960285,0,4,-81.13757423906574
79,45807.514012999396,385.37130456828277,0,3,461.48931966324733
42,55362.89365755831,313.2136721335981,0,4,118.44226786995823
52,41190.958733507316,433.0617035509589,1,2,59.21594496272826
42,47108.303191420884,319.53752843517447,0,4,-89.69930487631257
46,47689.449260499016,399.24608314945266,0,3,-311.8900666818821
35,70352.85161328333,293.59296998715024,0,3,390.36437384907913
63,44608.440889626465,240.97245166402172,0,3,352.03586435289753
35,70349.50073275181,448.0568055541888,0,4,514.1123989398641
19,9312.642622280393,229.06497120639332,1,2,111.72391913116367
71,70217.83671993554,334.38448231242995,0,1,169.47561621239507
52,69461.09172293937,376.88973632244733,0,2,145.06653441749523
33,63533.820100837875,384.14927044708566,1,4,202.1710412787437
78,19821.229951943427,183.45573297799803,1,4,401.9461033497241
58,65283.30492833722,405.19504058282655,0,1,225.78306416916547
53,49248.212364871244,202.10447538927298,0,4,284.32103146895037
50,12059.938401130094,381.0703655349994,0,3,53.8255469636794
21,69472.66561752044,353.5173471049099,0,3,518.4666471896733
50,71662.59617823453,381.8630661779898,0,3,-119.43627691267983
31,21432.31892202243,179.49964789009726,0,3,-103.29023231055456
38,52631.3161295017,358.79297427343914,1,3,327.0840345332589
65,70828.86682166274,408.5593676408172,0,4,622.6358206535942
37,68452.4197018572,319.3395783161741,0,1,183.81875728357772
73,62540.91576739286,218.13833203954232,0,1,38.42150359327121
25,10291.206801537373,391.974761432799,0,3,339.91243077802346
24,60943.14149953721,311.39196281007696,0,4,307.76516768306203
20,46728.44152439086,132.5555736172304,0,2,434.7552028093536
34,64937.86293077742,210.38105376833397,1,2,-7.1563857104800945
50,53842.42187650737,247.37054687730262,0,4,464.7555956429302
65,49701.77584566703,450.58182876396563,0,3,-85.22975678592371
29,59613.557741138546,433.0183086306214,0,1,164.89451711436578
76,47421.29943392363,432.6968531056676,0,4,310.6688347431992
68,49635.84080162087,323.23602776838663,0,2,238.7979600198992
39,41671.64001306857,391.3594791779199,0,2,404.5976951404025
72,25918.865132231564,185.92205913141095,0,2,-224.90206722424048
39,58517.80210656907,300.68030983927713,1,3,285.3051311368732
63,37909.54520494145,345.1632701649596,0,2,420.26382398316827
47,46988.122009388986,192.51009426908797,0,4,215.0860988601061
55,54304.609376809,320.99120896418697,0,4,2.2404036966962053
55,18721.735346518417,468.6639185804344,1,2,385.81134151641083
62,22079.76644484765,355.87697845606266,0,4,40.085176706562436
68,45503.92135086196,391.7545206664121,0,2,35.318692355789466
71,56818.452234494835,54.75930765677376,0,2,-0.9143153420343708
25,61160.57405973742,455.7968849152924,0,1,188.16381402121158
44,26130.282561861393,281.38776522478304,0,3,197.01138572077525
44,59549.47226619223,223.13136859299578,0,3,-32.40792954893186
51,46323.95572525496,282.536214819007,0,1,-31.827642413578218
38,36752.641323552845,151.4977841719102,0,1,9.758485891853127
47,40271.72215910944,404.79420617521424,1,3,40.02513535841223
50,62027.8599806025,266.4604277226207,0,2,228.05340804335304
45,54110.08677628357,226.13691879739307,0,2,273.07818471248254
64,50754.59784132981,283.1944934311635,0,3,254.60340707909455
50,53652.4360821185,411.8015654576141,1,2,293.5514064595589
22,63921.4666492429,313.14584007812203,0,1,553.3558603640201
77,48543.50648895015,159.0306230466533,1,2,297.7267952079967
78,50814.78329681355,346.49808297410823,0,2,363.0722244688873
65,67072.56110206708,207.10200456773748,0,4,161.93217270551332
36,45026.20063605262,84.38989686251836,1,4,407.2926194906553
21,59272.108929210226,449.6007212717178,0,4,161.03378522692782
52,42444.43278990288,345.7229874827689,0,2,271.7508298458007
66,43761.98987882323,292.1729336196585,1,3,-47.532100516864176
34,48439.25364800545,265.4390485303301,0,1,216.66923854666825
61,57729.09279480148,439.7079500733316,0,2,34.3529335630686
45,67912.72943826603,608.7155150198405,0,3,463.9041412752976
47,51448.178953081624,344.87805185665167,0,2,382.5594554915853
46,27502.446330146835,197.03653176721238,0,1,41.38306832519635
63,59471.69440300907,284.55344811320236,0,2,627.3137193422463
70,86807.63261218564,343.0572672094049,0,1,210.74533270661675
23,51630.032466010256,65.04716930081344,0,2,-142.6389982724036
52,24368.48541230631,333.44992017781175,0,1,-13.74163123014219
77,52544.79334206277,343.6425129493079,1,2,30.625633507486157
58,49954.81095224241,432.63421979872203,0,1,279.09346424160793
54,48693.367349564156,422.21233023730537,1,4,12.535362388368355
41,64181.14849965699,311.11721602895364,0,2,121.6312154409603
46,70674.12179503587,451.46369065803583,0,2,319.40504676322934
66,60253.78617801624,503.56783190387563,0,3,278.5935344887806
63,48004.128729933975,302.795145524446,0,3,203.75900954395664
70,66885.18176554445,341.8187078467749,0,1,253.15233812457984
48,27592.55538178639,123.27026468894238,0,2,63.41211773093612
52,39259.158188990084,154.9026737558912,0,1,-166.7418273796968
77,40930.58332097405,216.1803685990481,1,4,144.1115593529239
50,49535.74028102098,255.63816954829466,0,3,298.38525437992854
69,57601.01993730257,190.38769752619316,0,1,166.85381190534358
78,46989.305774940745,296.4004588022758,0,1,261.9163320562092
38,36409.46308246588,258.62908323253816,0,3,61.32522858628852
49,64622.754270441954,407.0895231339615,0,2,438.8216768298658
40,46468.149166929594,252.52263545162918,0,1,-333.07501161524465
50,51531.9338130655,71.32820517845056,1,3,248.484790728647
20,58266.016182138614,312.57511725354203,0,2,487.5656135138871
35,50583.1641188442,298.5801975588661,0,4,520.5640512018675
42,50649.07542116435,213.79501185955064,0,3,156.31241817978872
59,65457.10130653744,309.4999883497037,0,1,-43.37542968053157
48,52270.54211855565,192.47354117736649,0,4,487.0830068235198
71,62941.954786857335,332.98399536233427,0,2,218.80927574883597
75,58170.01166477585,563.2924436929852,0,2,210.87535984487408
20,80253.31316280374,119.43945270932338,0,3,73.87964342099369
57,56141.20126803695,248.37579129908397,0,3,-32.85751450566917
63,59569.59905226159,232.3494878550864,0,3,335.1467806749027
41,66524.85070994552,256.6740116512456,0,2,362.6913935367477
67,50954.26639925255,401.9924579596974,0,4,272.4165789543591
49,40432.20354905839,354.28265593190247,0,2,33.48351637253842
64,42887.816283148146,384.87665026064235,1,1,1.2635325705305718
39,43032.39611746268,303.0495504753598,1,2,-70.07998376151727
40,35745.03547704923,167.79006800551423,1,1,66.16004253905525
19,54767.07753802826,188.53146387400204,0,4,17.216588513663964
44,40557.25177926374,374.6259707466592,0,3,-143.2848384250157
59,52922.79231802771,317.0831898413297,0,3,347.822906090798
19,47619.88334434046,426.02074060788385,1,2,-25.970931547524145
43,49375.677600612275,329.3262103246797,0,3,408.46851251983935
34,58340.84971743284,181.69850066678748,1,4,333.6658915242371
57,41871.51313417178,247.8098185816845,1,3,277.3922456501918
50,59583.3656890516,356.481414968293,0,2,557.8766820869507
26,73509.61799958428,371.03324962386256,0,4,16.962034148649877
60,55146.63624427638,385.5108632154688,0,1,383.5987580198588
71,38268.56472091297,195.1475886794807,1,2,136.52337370548807
65,40774.72982990305,179.8969833923075,0,1,673.753189324945
56,46276.056488223265,281.0197480252579,1,4,164.49520155113044
46,41076.64554395651,444.0073516533455,0,2,88.0923590281239
59,35132.29535584925,230.6131679191982,0,2,248.4330624750716
72,52316.10915442538,345.4971890600973,1,4,217.40023077313253
43,46682.04002411302,345.5061138938965,0,3,56.22209897764185
52,52845.81325337087,376.0772749670613,0,2,19.243997216280377
67,67795.81118322932,466.444025394821,0,2,543.8769225834214
42,46454.70749113461,456.1906424766106,0,1,-34.16384715006805
41,32218.699929795333,240.5394166160495,0,3,213.1088535972956
30,44016.61261619673,90.2104558691326,0,1,368.29109874452575
77,61556.37825674964,232.14706646352573,1,1,457.2264602483785
75,60151.55406075432,307.56722940472355,1,3,140.72935062569303
24,57779.59471420351,263.83547223143427,0,3,180.70577652639793
74,40629.39915256845,496.7898942928135,0,4,140.89908753154373
53,61278.53927049048,301.8780304316449,0,3,-74.25887094902953
62,64653.48617055599,365.3711880256194,0,2,343.3475677476969
37,39568.67555165036,321.72143096473434,1,3,229.0102233267359
18,49376.44853686213,265.3366816509178,0,4,503.4035813591919
25,80306.02945523168,107.51883220373335,0,4,96.7229226705521
63,38901.885853049185,292.13823614585147,0,4,414.75690704422266
33,24423.69996134413,625.4647293154127,0,3,423.24070291107046
31,70743.56651697197,175.55416001621663,0,3,248.45688639714308
29,67049.0715755684,118.51269556257756,0,1,-228.22290145933925
68,43145.49014633863,493.638930256891,0,1,93.1413418295083
40,48305.1232719787,374.20829698693353,0,2,561.2053011034741
32,31625.974247165715,318.74198805234363,0,1,214.5373015979477
45,51334.284089145534,436.26738623670576,0,2,354.97524797633884
51,67488.705730571,216.84980570439035,0,4,228.82907570458735
19,41860.92737362583,289.3405239085348,0,1,127.96732516547945
49,63156.52968179439,395.5154116900823,0,3,-127.60431320730427
40,56955.85786085648,511.03543678203954,0,1,383.9631028109783
39,58667.253363217096,183.14556853433916,0,2,421.5853045243434
68,42735.362291204474,428.0734458560395,0,1,-1.8943879253247644
42,44680.637255997586,338.1839060840984,1,4,207.40864081874355
75,22298.413482928976,316.3061067429416,1,3,123.47918216929398
79,41499.95881234841,299.2270777745262,0,2,266.95328419940665
78,67452.28187046888,161.53533793053967,1,3,152.18538123217274
39,36060.017088465895,396.3088998213032,0,3,378.01910879566265
75,38295.47519214643,221.77309796736722,0,2,183.03312340592734
75,59602.84735560686,192.0309297497653,0,3,-291.4758234307493
39,56041.5243798964,388.5458958900338,0,3,319.4816933873248
66,60347.94874694451,378.91340251466784,0,1,417.8574352635127
69,32551.69189864394,307.90000836110625,0,3,-54.51894741958924
59,88460.8692395052,407.9543620811641,0,3,379.46256168204167
23,31763.699387491244,442.5936581479115,0,3,553.7786985406157
32,52313.709706011025,430.822407782554,0,3,250.1229352259252
71,47620.167561971204,247.17210265980202,1,2,448.2833182558205
60,32200.37723952429,401.4104931279712,0,4,106.11080974454165
77,44446.858657801255,321.16409775086487,0,1,177.41726939925775
54,50349.61401328805,472.59077703523747,0,3,187.03404814483076
50,40250.40182204795,287.6271663732827,0,3,111.83943501191287
25,64058.35432302274,264.352836263167,0,2,195.00758325574694
70,47575.613818062935,238.62031231571234,0,4,-117.12309731716635
77,29880.8799347257,318.92878942355554,0,3,105.47861193514767
61,28608.117009960544,346.6725467592104,0,2,429.44477978119914
61,59092.476359171844,348.5962282927271,0,1,20.306564177249754
22,27698.438259494957,334.9172540311857,0,1,-64.33805237255362
56,54746.39109573625,367.1037012679806,0,3,238.44562659722155
21,56669.82778500439,277.7458164085602,0,3,243.35086588231368
23,35069.669541139745,212.74846844081287,0,4,256.907129737158
62,63361.071256623356,204.0172003086352,0,4,214.37614790718243
49,24233.095643575518,397.50510953034683,1,3,212.58953513185244
69,54446.88400997838,347.032231052829,1,2,173.42003639943982
47,49387.130996059874,114.41622290496761,1,4,-24.94334677737632
64,48215.0303640366,409.67534267999406,0,3,203.11922133394242
52,32331.550355291412,488.04351464026547,0,4,348.3868514631022
72,35944.66993400111,228.40831492414674,0,3,277.7410966308837
57,74282.03037530897,333.6160046276041,0,1,-106.92276417447911
69,68227.3251330763,252.65419063676404,0,3,292.10514199164555
33,61131.268827856984,362.83069254711666,0,1,39.99170173899182
30,64097.72155294532,183.39911109247748,1,4,544.9681552594147
67,62690.20317006903,292.85543429012193,0,3,299.91990635482625
77,45149.65681570687,398.13141279987815,1,4,429.3692469375229
59,50714.05327721527,423.57117392988397,0,1,208.0188528303909
47,27912.374329384867,342.64958189196886,0,3,156.87870706847116
36,48654.56559788711,266.0954696790261,0,4,513.0876616943262
34,67751.2137430878,140.73989156563914,0,1,404.1312959677428
73,40089.39127614297,224.24502887607184,0,4,216.1750158894027
36,65347.118070308396,253.07265952452195,0,2,186.0682168655894
45,51373.78608040645,230.2266216698386,0,1,-155.66471077837724
75,29219.422014954016,305.9552968313615,0,1,213.94788068787219
72,33390.207299805326,265.8112263828715,1,1,158.14074337395488
43,63789.54304561632,317.2121372335443,1,3,380.09150923104227
54,58287.861278875775,420.2627301047664,1,3,440.16576387518546
43,51526.46109481438,259.35377787706386,0,3,455.57251898678453
70,45889.52278628082,161.71330227457753,0,2,245.34895797890024
79,53158.51966442878,229.8292401875125,0,2,-9.972129678032246
40,63204.443738798735,358.3588469973272,0,1,-207.6179380062964
26,72137.79920730928,367.7943784952673,0,2,86.11506419278697
29,72855.26299160907,340.60851970162344,0,4,536.4690778543941
70,55579.39851137747,430.0737305888016,0,1,578.8644639415232
18,47421.02464453219,281.36369301230144,0,1,135.39826823645944
75,52193.720117282835,505.2166148009324,0,4,-47.28274914181134
75,57831.8053588262,381.8187136105907,0,1,84.16276707814347
18,57771.00415767637,47.65125297921227,0,2,417.8682981528482
64,69619.79955710158,480.0658629963566,0,3,149.04355070841748
51,81736.33582874983,223.30133898642782,0,4,393.6275950896453
49,46921.180555788706,196.58988105430694,0,2,217.21300947661516
79,82338.27363236694,352.37711098328936,0,4,431.9149101704736
71,67583.5887013759,126.18195276634563,0,4,601.3875724687939
65,48487.65514722188,230.45307686783866,0,1,297.97691308809533
42,72478.4725829762,455.70985406242073,0,1,279.9111858997804
57,75284.72452128747,355.62175789975026,0,2,641.8063379943337
62,43095.5683370923,381.22397809392197,0,4,284.22395480858904
70,75983.22878728472,234.3089399502526,1,1,106.80785210327454
18,66126.24231553945,146.1630001031897,0,1,344.361842595295
33,85528.38691968788,370.68174293137344,0,4,387.6160565591072
78,43639.421270007515,393.02561562419504,0,2,135.00093564831457
56,44698.59884396006,388.499338608111,0,2,94.72992105547655
22,19600.0680538499,320.90692301178655,0,4,101.63893094589685
39,58567.90880851943,203.2931756527929,0,2,101.08726368196682
46,55628.768834280774,543.776958805973,0,1,172.4832698065805
72,41555.094926965,347.97874429841755,0,4,39.34874383539946
20,48772.23902767913,282.6113358410832,0,1,263.03654927142975
29,30331.68484737327,283.05507625166325,0,3,231.2091401116767
43,67976.67429247529,314.95974780735537,1,3,346.48967881158
33,42654.50788207535,406.9608262157981,0,2,183.5312304983997
68,96410.73523431427,318.96281233054526,1,3,299.18510049667066
54,47365.980489334506,385.8513153447497,0,1,481.7182520438471
39,38605.717384275355,315.1397687893207,1,3,232.20658901504333
74,43815.303218977075,288.76461085296194,1,1,459.2604367343457
46,28820.58535183623,364.1250393328389,0,2,-35.229521996306374
31,57234.07836054413,360.3286033673796,0,2,338.336583898102
45,43701.50450331317,283.0365880904845,0,1,28.76606048367165
22,66968.79185596606,225.07930422857407,0,3,125.21512847612266
64,45878.787572383735,334.17289147404347,0,2,112.79369630666153
66,70766.6316752847,307.83486689625937,0,4,167.39695631943962
47,61361.83623975561,244.51282872292427,0,2,123.2540240554335
63,50428.95165077516,215.75995174632033,0,3,445.8889164542953
79,73703.48881026232,341.0475843894456,1,4,310.5939706829972
69,64284.40191555814,355.00950570276945,0,3,289.08083224331506
22,94193.19239994838,263.99678853451394,0,1,183.35407094305822
29,43858.17132532693,242.00629640870744,0,4,373.3048330351464
33,51149.24158187691,216.97448109628095,1,3,305.00718692116584
43,73530.63516516394,338.2254939144919,0,4,209.0980908518294
43,26846.932822473314,219.60229263592635,0,3,-161.2026836167894
65,69754.15344848843,524.113456902073,0,4,325.1789442675583
38,56589.54136522206,258.9718564029003,0,3,334.2121728778258
56,36676.83866829128,57.47857221273992,0,1,-56.66803310681274
53,29554.405121733176,296.9828333370865,1,4,149.72816983734253
50,39912.65790304574,292.6966520181197,0,4,306.52708130009466
79,15727.706415116423,411.1718567524189,0,4,-151.61301291887878
47,42656.908344627445,328.8126236727704,1,4,108.424642374554
54,59338.345000138725,216.61648165601977,0,1,275.7201264911597
40,42855.49038546758,271.3608126503223,0,4,423.8507498062894
75,70824.69052150712,332.7419771650988,1,2,712.0795412137577
27,74899.21404087932,83.52857496895894,0,1,609.8822392520726
71,69134.66723938662,433.86217343904514,0,2,280.40944828587965
22,53459.613653965476,216.88301141953352,0,4,121.76215215349384
53,15129.81091270296,441.70438209476174,0,3,339.0545135890593
51,39444.53761951091,339.2465141126589,0,2,74.09514190555626
69,47869.422098384195,362.95941363939744,0,4,69.61572857157785
48,36591.985257427834,414.94234360012723,0,2,123.62499440184831
27,47907.417867701435,357.3132052692498,1,4,165.41149622690648
75,74151.01203040069,367.2886216317451,0,4,357.557010837151
36,25313.35205727023,283.55835595386185,1,4,78.50221528305443
75,77175.3808417854,337.21686814720954,1,3,315.0968599578547
49,63270.89632631206,241.2502185028257,0,2,539.6575047839708
18,54023.25212416543,265.6588900412033,0,1,219.04053606726072
73,39295.75166388854,496.4695047968909,0,1,491.5869114318217
22,36890.74481762862,219.18064149495783,0,1,396.1108739979428
62,25606.734281168905,315.43171266362805,1,1,291.1646871688272
21,75751.48220471581,311.34690367154764,0,4,201.8070967888823
33,73064.17340111062,268.9245528219201,0,2,451.1223975542341
41,28905.730571250766,351.4400936570438,0,2,112.96048678059114
33,41710.58007640698,358.9722092741383,0,3,198.91645007483558
72,56497.17153847863,207.4180816852421,0,2,269.77588607860025
19,45507.36292741688,310.13567115465514,0,2,190.95479849160293
66,21219.878644522734,191.76326612276432,0,2,-12.437459780785474
45,40133.40859166467,378.8548618317301,0,3,-107.2674796300715
49,79265.51447030029,317.6487310362625,0,1,442.1224881093226
44,41150.32114378334,308.2329886717087,0,2,297.1923665160097
37,47547.98994946689,365.9031348872403,0,3,-132.43590511161057
41,32822.33863946929,272.4489709531599,1,3,53.532104466883226
29,58816.44477925622,391.40219592182046,0,4,282.5861950053714
67,51727.27698536876,205.15551272438643,0,3,292.48457595528976
52,38869.70387664532,441.18765188945275,0,1,-121.8325588511824
77,30430.169062888624,244.90888174451464,0,2,137.5034929917444
50,71068.15061016314,130.38209323044123,1,3,373.10542959416324
50,25916.848900383797,267.1465091537268,0,1,68.24598833628423
78,57557.23543384332,255.8031802745791,0,3,271.86071858202325
68,17691.811329326403,266.39260138499634,0,3,44.51250638825705
60,60608.17524518574,323.16480154839826,0,3,415.3721009851157
54,64554.48330890091,409.78423608882724,0,3,90.23024745343031
29,66421.75567459871,280.82940861028635,0,3,12.510804391350064
20,47581.87297145198,230.8382430181099,0,1,184.03294305702508
18,73760.05408345544,187.34531877162027,0,2,-50.45055441362621
50,84616.87542494101,253.18172086909556,0,2,-156.47031467576647
57,45175.65295931055,111.21751607496472,1,2,418.2201171369203
27,43234.92454805109,227.4866906483639,0,2,-17.62637815122517
60,52237.65890517404,424.40538958621863,0,1,-59.81445974779257
61,42834.79781158689,217.6640795421577,0,4,35.08424818746792
46,40641.94705984819,362.8715860800305,1,4,66.2409264455404
30,41948.92189637736,177.35179101915102,0,1,133.210730661961
29,75736.34012009368,477.10958993105544,1,1,70.48629249609951
48,61578.22992553148,483.76067330647095,0,3,351.1697556329411
63,42785.80809112863,359.10215565598764,0,3,330.7286579793991
19,13173.12461416571,499.12526016435214,0,3,-98.73951487834043
78,26833.032595902987,335.5792974927662,0,2,33.60467035140506
68,57551.43623902817,376.8517114149556,0,3,128.1765956118347
67,18176.66087916774,426.19338767315344,0,4,135.97118825238246
52,54394.90291177934,317.9718453098449,0,2,427.12369375127946
40,34016.544127024616,144.76225384149387,0,3,390.5719966387203
34,51377.0866187101,378.8963355234398,0,2,710.4172840229215
43,50957.84452001214,252.81404055665362,0,4,-236.67769273514602
25,51808.84900836066,260.247017904454,0,3,24.783255176840953
46,44083.672293822194,329.789491647869,0,4,573.948129967428
43,43590.715615884015,356.62808797173705,0,4,-147.2958235264252
27,39188.14371595342,315.0134634006218,0,4,558.1306466061103
43,57258.38475862835,363.57295361573085,1,3,290.34431950747876
79,62077.89012171423,229.31428659398034,0,1,243.91376350733537
51,31715.412161958106,295.72962052767167,0,3,-82.9558108472107
68,49225.57291561596,384.90854504508707,0,4,136.7093563348813
58,52948.73110231607,477.2791176436716,1,3,613.1006459109806
24,52756.56701934563,512.6435588973209,0,4,237.24086288017799
21,52501.544293947765,343.29766827277314,0,1,110.43304977313187
75,43969.47784482164,384.00098267456076,1,2,307.4828932329466
70,54185.456381938086,498.1579164815191,0,1,179.74318435149664
67,59270.4306647543,232.91639632665056,0,1,270.86273092346187
62,52115.54983733846,362.96998527125834,0,2,40.579831769818526
28,57589.09754800586,376.8342949486146,0,3,217.43109486925215
46,64855.3011655626,444.7861436076745,0,2,115.97396360374896
73,22235.89463157098,186.2858619463778,1,3,-187.6929526811558
53,64151.95762798051,206.0594216199483,0,3,325.3014148674929
42,55136.41647831912,302.13822111047057,1,4,13.732086756574205
38,33325.6200839191,337.7727662321636,0,4,157.48033077023416
78,62037.06323479533,412.28639537338074,0,2,420.5164151725109
74,44025.18640964058,351.7543775812271,0,1,-116.33688073068214
53,46070.503455221704,284.85867698897164,0,2,311.563693999261
27,42384.80326301507,341.64614447561405,0,3,138.97152957985904
54,54535.98266357337,330.10444762744515,0,4,38.77772990447849
26,38219.7028623192,474.50164299877883,0,2,598.47422780173
41,63522.119449216785,316.5658943568532,0,2,228.58956918315187
52,47917.06119207993,261.6916586447436,0,4,98.38471033328601
66,44536.96274768094,344.960903007183,0,4,57.52743132279983
52,61293.135164209554,319.8485319338532,0,4,420.8036172091437
65,45206.64856521379,142.9006644325328,0,3,62.29211828099855
53,64222.65238043452,298.4347938377831,0,4,399.5924038528525
35,64693.89426261299,289.9261754593995,1,1,247.88443984653378
66,29977.942426715344,245.61281342206837,0,2,377.7547790824072
56,66638.90303334386,403.5583287622972,0,4,55.12574944634062
49,28069.460427471717,221.4320403388004,0,4,-12.330522930377413
41,67573.70790323766,345.56186195245385,0,3,193.502539195707
40,80425.35788345359,285.2143000156269,0,3,229.75884626351467
79,63122.51657403697,310.76950056467825,1,2,186.41057746513965
49,17645.290329504904,341.1786291045867,1,1,685.696524654772
54,65953.48579079028,169.24256161089988,0,2,631.4806286130521
29,83691.93448904017,319.16608917347827,0,4,349.1114928596368
66,45454.52538502956,528.8947489713207,0,1,287.1929404772827
72,49479.45019955165,144.32366541212758,0,1,126.10483092439988
30,32172.69917110352,294.2392036284495,0,1,-56.19578799857416
40,54681.19128229504,412.323932482382,0,1,174.18032770177783
42,69037.65773814694,330.1619247953597,0,2,395.3150582482406
52,60466.05692224181,368.7966952116033,0,3,498.9371356792458
58,97129.50465931698,62.4333988907384,0,3,479.6440333122489
47,50495.40564448696,359.824937462995,1,4,-44.98155359556887
34,25539.899488771036,223.83117937664014,0,3,95.61738128446345
66,52564.56457352329,330.9877284583147,0,3,-75.54561098032045
79,13753.223521812652,297.0565269090509,0,3,370.98081121507414
37,42003.441127032296,527.8333029161633,1,3,164.31333358561437
65,74365.73087900318,354.66953237658754,1,4,294.7763918694585
42,54877.00472947657,288.7376170737214,0,2,304.63782476732564
39,52691.25219246903,149.03072407464455,0,1,733.5135607547822
30,77311.70565073035,312.1146901849897,0,3,319.4898682778649
76,45941.00162504945,382.32288783468226,0,2,152.46008447231677
36,68927.30619401163,291.9448108180777,0,3,-1.1593307708969576
66,51939.60462749511,249.4343640062559,0,3,500.5505353562369
53,55700.711951885394,242.74133361536815,0,1,159.34826440589256
29,31740.427162054806,353.5141435455321,0,1,490.26076166420273
78,42769.29807757675,375.9387939309157,0,1,404.25509813798976
58,29037.226507341897,436.1210115321119,1,3,119.09533364620066
36,48571.323826619824,200.5000106789642,0,3,-81.26258745004478
29,55856.035158744,352.5977558417617,0,3,281.4856693423855
26,33349.42842362822,287.8296045582133,0,1,32.50111154875741
24,80737.68384027235,290.77657953667193,0,4,288.422194125473
45,54171.59028637941,340.1825854034002,0,2,422.1713604839664
31,50866.93378377829,340.76562536249475,0,4,-104.90599302116067
48,61544.86627018438,352.87681057915734,1,3,321.30018241192727
69,37566.07878701117,194.252880780419,0,3,326.4766838292116
36,52452.1621875118,225.01885928335412,0,4,379.02832265457164
75,39247.00669463613,448.5868275517684,1,3,-39.355738093035484
64,73380.19865133474,277.942753251916,0,2,328.4219665826538
33,34120.40975904378,330.60143980178964,0,3,422.008279879605
70,50947.4818896076,405.46663120431856,0,2,281.0883865796622
22,54939.73677727664,346.3443072360819,0,4,211.37506305645414
52,55922.386166115524,354.65226309720396,0,4,465.2325867566402
29,41281.472403757514,389.4577679243757,0,3,62.644959512186574
42,36567.35896782353,88.33362391029999,0,2,-153.998501313977
69,41498.072404308514,251.00498448394652,0,3,147.97708027082538
76,57924.881513154236,346.86057964995916,0,1,317.54485933210407
38,47842.313436320546,438.76443070576573,0,1,407.3484222305044
53,61943.13212678782,306.6095559655773,0,1,320.6477346837198
70,57155.0557909261,215.52835382439045,1,1,393.02716070926283
40,15846.30952850588,218.1913950389498,0,3,342.5740445816987
33,53712.46695255816,388.3861203453074,0,1,138.38814468002494
74,83756.82151724405,278.2226417608113,1,2,265.7480468290513
56,69879.03576557497,299.2799954209663,0,4,517.1196297032217
62,56330.19741060453,361.5030193772319,0,4,-3.2207080872052245
70,34109.11804295084,9.847631730642092,0,1,215.0295715634249
59,57163.30574188469,500.0367511508082,0,1,80.98852081544595
75,61096.24909817388,226.89261649489384,0,1,424.93408049203106
56,46193.79978758624,324.19363694735716,0,3,201.21986715488026
31,54751.130882066565,129.53029865037288,0,4,213.97407870479518
48,72644.9368759406,257.74588895949626,0,1,576.8404401271681
75,37140.88370387411,424.4688046365097,1,2,1.5200919816699354
22,34125.5059256131,108.38328203341212,0,1,182.253234698288
52,60390.48988991319,412.6200087189141,1,4,246.01775443215362
40,56863.13954297121,272.63039037676157,0,1,307.4715813322248
46,65432.57443119217,348.7164440220192,1,4,671.6029506023756
60,58546.90717855655,365.75244134851107,0,1,92.62075650692773
28,41483.6740523871,344.1421499490925,0,2,-52.097979371125575
35,56482.88977198107,213.50493483691736,0,1,32.45078789125262
64,32868.101850557396,263.5450853464976,0,2,115.52709579158078
29,46245.21932400509,153.84438227491844,0,2,190.7210436161674
26,57541.98846449606,349.179633158808,1,1,262.9076994021894
27,44592.286749141655,470.2055154015926,1,2,596.7373152735292
75,87020.78273344741,117.55591133235376,0,3,590.7649655310986
61,21617.236267644996,223.83540938619643,0,1,386.2073112873017
34,41787.64464501784,281.82247241170666,0,1,674.6452638546748
78,35933.30249195134,317.3341423713554,0,2,338.4197105535645
55,39494.7678881307,387.91763014344264,0,2,409.45231549313365
24,40355.02664778682,284.78000196423335,0,1,330.1421578707502
63,30103.689697115104,268.404127355435,1,3,325.22885488853103
30,61290.53222858941,410.31307060697407,0,2,312.4916763544445
57,41793.570539193475,366.19955670633055,0,2,110.8356877659559
59,52453.60003382982,353.89779757010984,0,4,-19.05866974290231
26,43477.61357134632,311.25157115881143,0,3,171.94959046615114
67,39636.79381570686,398.3152210919859,0,3,312.25984967502495
44,75084.18854130275,234.36906087697335,0,1,248.05766336510086
75,63843.98273314112,220.7305717813922,1,3,46.69388382057028
19,21976.99400067283,374.6100986869324,0,1,108.23838787336327
22,20387.938274961696,137.49640307530916,0,4,100.92495514082671
46,65639.1325345473,309.2179509636487,1,3,259.72913177170346
54,42202.19912676869,268.3441647737488,0,2,279.42188451624406
55,25263.76499098666,159.4245269347044,0,4,297.7215900575042
36,65686.02698810512,206.87324202837357,0,1,112.0490879841371
25,52536.860751486354,289.1023907704651,0,4,420.20819818252204
65,53773.56627248479,403.3963256499023,0,1,434.2143890436223
62,62143.08908008861,234.70420087421888,0,4,301.81698485730817
18,30350.342625764097,421.33813999049937,0,1,295.7845536411918
39,25527.48767923753,306.31792275565164,0,3,358.53305612643
69,73714.31442354803,431.0384702169971,1,2,71.00354595290153
34,28442.498588865612,239.55083912199515,0,1,351.78634808628993
24,31666.43304386654,295.11904118946313,0,4,24.83259568708874
42,34663.46930681351,336.8483603336996,0,1,24.47144732132125
62,81199.18885535783,282.04895372584883,0,1,289.8611066462528
21,57400.74950617284,395.3024147145236,0,1,-214.4762846511358
53,64481.119616530705,79.2436274709734,1,4,292.0106636253108
23,52942.51318368093,542.240553878994,1,2,456.4652711464218
77,40971.691831981494,385.7774606995162,0,3,-128.66363955528868
48,59469.36924890252,282.64681709649835,0,2,435.0052851167451
36,26650.76043804795,244.76783264226555,0,1,-1.9792195651685347
78,33570.74821855257,213.35793885514454,0,4,219.84964642117976
61,60994.62768892222,364.56154741697367,0,2,117.73050871844941
71,29641.1715375983,399.4981668792354,1,1,303.8158565889293
56,47163.7779625719,283.74738718701,0,3,407.6918058765975
44,47847.314834668825,410.6990412978503,0,3,346.1666066756222
27,42070.06994994257,209.27399532388776,0,3,184.2713095335339
43,20733.222877267144,191.6189150013164,1,1,55.45726993598092
36,40566.06663216961,481.3341205245549,0,4,205.4051394425721
56,37625.47434601272,359.11086135385426,1,2,342.35632781933924
79,52421.59794931548,439.6848201813328,0,3,366.864957751348
20,51657.35808049203,214.6060291612307,0,1,294.9406355123316
62,55669.42189905311,207.647460823127,0,1,-64.41191843098997
30,39860.205905384035,264.1390680542458,0,2,171.52982692911064
67,57841.669256988374,217.59411584609882,0,3,90.75695725915631
45,26659.899008394754,370.5365210228451,0,1,283.3592541002396
79,22671.429010214688,224.88739430735546,0,2,-15.162753224554422
75,14966.409137500581,182.83301419327097,0,4,228.6268713111732
37,42510.54140642004,314.2015412255232,0,4,150.00368477248645
45,38700.52663492164,171.00138241747865,0,4,-191.31804514155712
25,61839.734177819,120.05360685246106,0,3,401.8766862184836
78,40270.06119426695,313.3257233861278,0,2,176.81525035435516
58,54100.645219164006,125.07799569897898,0,2,445.90454916136423
56,62199.448648746155,377.5279396295423,0,1,-110.91012447508089
18,39705.213865263264,160.46662737472042,0,1,97.15282828449938
20,54470.78315160763,75.93262135802524,0,1,133.25394424704484
30,65028.91323432792,270.6203349859206,0,2,281.1611182149102
45,31427.55837791649,314.45945032964846,0,1,-110.73639904260205
79,50372.785073669664,349.14750636819406,0,2,314.4678921389145
74,39769.48425201028,317.20156990158534,0,2,563.5916067503857
77,32382.651762602924,194.06873788822577,0,4,269.0796466071348
66,26953.223892646565,371.3061180926604,0,1,169.6115399592616
42,32140.27141731949,396.0138506479746,0,4,-81.60955350563825
73,50900.43508628019,179.42378715444613,0,3,44.89402617659999
50,25837.3331665738,281.8993861340386,0,3,148.69562478199688
55,41739.094638670445,272.55599728909806,0,3,84.77849483768486
70,62197.91610279346,322.0381582788034,0,2,431.85093328766425
23,56735.164451284036,279.5076208225891,0,2,318.16173117855453
75,42042.38565592765,293.21222279270233,0,2,721.8817111205196
61,75345.35620038086,364.1815530241691,1,1,80.93718041832037
62,78395.54620867492,188.61469003988668,0,4,272.2754836996851
49,50391.836473095886,373.7373135260824,0,2,-68.54107020805824
62,12971.856261735375,414.1132731531251,0,4,-287.13311507928165
78,63296.722955243895,463.41349934888683,0,4,407.478991736007
64,15590.354899496218,85.66326758626408,0,4,229.07011315109008
38,72142.19166080099,281.7098342884782,0,1,61.53727982129183
33,66253.77351113448,103.48994256464107,0,1,221.46246519741777
71,76613.1875620703,56.493631022717636,0,3,113.02221844130345
38,53903.9833755159,314.40930476074783,1,3,150.40740625845137
28,44579.21349227243,260.0848207149638,0,4,141.10998650278646
77,43248.48299464664,329.98509517707464,0,3,20.1824400261452
54,41806.09743453654,348.61276900873156,0,4,65.14348980595489
53,64716.02980512054,424.78959581079204,0,1,94.22393040246948
52,60684.07234258817,305.392042530578,0,1,296.48311828890024
36,51803.384501513196,592.3355617319088,0,1,-332.0037100207456
37,39167.28038109542,330.6409854985213,1,2,165.87280701508243
74,89438.18946950408,484.24790445672113,0,4,99.76479407714564
35,63685.619209443044,66.71621994757518,0,1,-16.26767683141253
64,26034.321203398868,434.9739529550625,1,4,110.43536288555899
58,42256.1597609431,281.92395102044395,0,3,189.836772629299
66,63976.64146113058,105.16527405727285,1,3,205.58743798664977
31,38006.91618150974,342.05451092281197,0,1,-42.59281850434019
32,55273.219382388335,269.70444620156826,0,4,371.8561870740489
48,64261.94450504222,358.0053248448142,0,1,43.80362412246774
18,-826.4212398458985,401.1076457551078,0,3,-28.483329089404577
70,48379.43450316125,151.0849883238404,0,1,228.7657250176099
71,48968.137303476826,401.49189824551576,0,4,292.15917729005355
71,43818.91316474316,300.6479484220717,1,3,105.36268894509774
20,54525.42702419061,435.28411746932727,0,2,-364.6531402245173
33,59862.79411243812,279.48517710021315,0,3,50.57592861732789
40,52130.764164869135,252.9591107468579,0,2,231.93507665247535
74,44392.589089258516,302.7054040688951,0,1,316.7773293234126
28,59489.319496764045,310.1860706379853,0,1,194.13791455163727
29,50735.801139115356,233.72151985082647,0,4,119.04654484819025
27,46539.493802067824,250.36952690447163,0,2,646.7581414344477
49,30315.809219916213,177.31244654862107,0,1,63.86563879362363
33,26560.178221008824,256.53549102098054,0,2,271.22044290233686
25,30031.553109288943,367.6310059997579,1,1,-80.18421226682554
55,54174.93591830322,286.2645826093856,0,3,-1.0572397442483918
29,48813.818785904725,400.90652960473284,0,1,327.1834128247276
41,27795.738526888053,281.45705323469264,0,4,382.64943753431953
45,59688.767386907166,156.8482002276686,0,3,137.11897675790038
70,70614.64269768643,359.72748875565827,0,4,-102.5251040551654
25,41022.595749254964,232.63768589665975,0,3,151.7974922079308
75,23885.27213947439,276.66327112364655,0,2,183.31805154722576
45,39363.10422647131,423.7572047484117,0,4,230.86553671354866
53,62816.90940192041,183.91295402784863,0,1,91.34718121442465
43,58227.94787802161,316.4743787464385,1,2,217.52650977849942
25,36163.50970982782,295.9481649964208,0,1,11.966467062476568
75,72817.58206647114,370.0925715437103,0,3,40.276776539941324
77,70224.20098889599,385.5153365482023,0,3,410.1336397619732
67,39004.90905085039,326.38390042488925,0,1,190.20787082473183
45,38850.6499555255,263.96253534196,0,1,133.96084172078105
45,41107.580939307656,347.33725040259606,0,2,85.51933836444263
54,42390.00836917181,433.5655897144562,0,1,152.1018644027733
58,64258.070118926655,297.2710060360299,0,4,280.3065265988556
53,56379.93590714891,273.27438855769736,0,4,575.8236258329289
44,63156.18154025881,338.817025766799,0,1,351.10143562262635
71,60103.4771478005,303.8727020369612,0,4,107.33240010947992
34,75717.90602290598,166.22905760822007,0,1,96.9059692654958
26,34109.216842862894,323.9330800397481,0,2,8.275521624781476
50,55705.37795575874,165.3237591236236,0,4,177.83902557328497
70,17392.681156479535,337.44806464084456,0,4,-3.9601212711333744
37,30245.666388547124,220.2857275593433,0,1,237.48465453095372
30,48877.19921097729,303.6874804186346,0,4,-310.5801046957925
45,56273.09919131804,339.05939061992365,0,3,333.48579929957725
65,48472.76386955646,545.3903345943571,0,2,276.5600587596348
46,41492.11371780983,374.27499617869245,0,2,442.9602236830168
30,44158.731837604435,436.4798809742335,0,4,397.32336268342283
63,70541.61464636156,487.17478186939246,0,4,143.06115042885168
52,44239.51733179789,348.92559169994445,0,3,356.23121002129164
78,76238.62433065292,328.5689800267199,0,3,231.7206512211177
23,61910.256103117004,193.32788911737842,0,4,-153.70805037088212
35,56863.06019222346,288.33700675996056,0,4,264.32620900622135
68,32096.046345185066,227.69122703641375,1,3,72.11053127987253
22,64028.5724209944,259.89411498756135,0,1,214.09085962014493
64,42593.44133377251,487.06633761924684,0,3,544.1834824845184
42,32083.403629914505,311.462150919999,1,1,230.2704028982606
19,57692.65419619066,212.41004222838913,1,2,33.15934237722098
27,29180.809091501906,437.45334546913045,0,2,364.98995385315754
73,38566.37806805626,395.5275476237449,0,3,269.1940249257747
47,49848.26132796633,400.76534926003967,0,1,-27.25930822444505
67,83276.32136172091,99.38697968976052,0,3,-64.75621280251329
76,39696.26366311269,494.86709577214856,0,3,13.411725059696096
62,43126.752210491366,244.14852579061127,0,1,337.92871713438825
22,60985.17581632468,377.79547727927553,0,3,179.42947263196768
72,31425.56467435931,552.3799790617031,1,2,234.3176310459711
73,56642.09571531373,515.5332748190617,0,4,-12.868415242700138
50,68088.90211424882,202.2437874527313,0,4,419.04597877725547
71,45393.57672933348,155.5482662997727,0,3,-216.69475278290318
18,65392.31422095298,443.03465988479275,0,1,104.01259121684825
35,54371.74884817709,314.20558115939997,0,1,283.8568276350529
49,39039.77054294329,249.91185586979202,0,2,-51.455562335003265
64,47032.9297115524,362.12185469390477,0,1,313.1039007825839
66,44303.639900296366,283.7120422540559,0,1,3.1396883156778586
